-- Adminer 5.4.2 MySQL 8.0.45-0ubuntu0.24.04.1 dump

SET NAMES utf8;
SET time_zone = '+00:00';
SET foreign_key_checks = 0;
SET sql_mode = 'NO_AUTO_VALUE_ON_ZERO';

SET NAMES utf8mb4;

DROP TABLE IF EXISTS `claim_details`;
CREATE TABLE `claim_details` (
  `id` bigint NOT NULL AUTO_INCREMENT,
  `claim_id` bigint NOT NULL,
  `history_type` varchar(100) CHARACTER SET utf8mb4 COLLATE utf8mb4_unicode_ci DEFAULT NULL,
  `trans_date` datetime DEFAULT NULL,
  `item_name` varchar(255) CHARACTER SET utf8mb4 COLLATE utf8mb4_unicode_ci DEFAULT NULL,
  `description` text CHARACTER SET utf8mb4 COLLATE utf8mb4_unicode_ci,
  `quantity` int DEFAULT NULL,
  `unit_price` decimal(12,2) DEFAULT NULL,
  `total` decimal(12,2) DEFAULT NULL,
  `created_by` bigint DEFAULT NULL,
  `updated_by` bigint DEFAULT NULL,
  `created_at` timestamp NULL DEFAULT NULL,
  `updated_at` timestamp NULL DEFAULT NULL,
  PRIMARY KEY (`id`),
  KEY `idx_claim_id` (`claim_id`),
  KEY `idx_trans_date` (`trans_date`),
  KEY `claim_details_ibfk_2` (`created_by`),
  KEY `claim_details_ibfk_3` (`updated_by`),
  CONSTRAINT `claim_details_ibfk_1` FOREIGN KEY (`claim_id`) REFERENCES `claims` (`id`) ON DELETE CASCADE,
  CONSTRAINT `claim_details_ibfk_2` FOREIGN KEY (`created_by`) REFERENCES `users` (`id`) ON DELETE SET NULL,
  CONSTRAINT `claim_details_ibfk_3` FOREIGN KEY (`updated_by`) REFERENCES `users` (`id`) ON DELETE SET NULL
) ENGINE=InnoDB DEFAULT CHARSET=utf8mb4 COLLATE=utf8mb4_unicode_ci;

INSERT INTO `claim_details` (`id`, `claim_id`, `history_type`, `trans_date`, `item_name`, `description`, `quantity`, `unit_price`, `total`, `created_by`, `updated_by`, `created_at`, `updated_at`) VALUES
(1,	1,	'Adjustment',	'2026-03-11 18:02:52',	'Water Extraction',	'Claim activity for claim 1',	9,	272.67,	966.90,	1,	1,	'2026-05-31 12:32:52',	'2026-05-31 12:32:52'),
(2,	1,	'Payment',	'2026-05-28 18:02:52',	'Drywall',	'Claim activity for claim 1',	5,	412.51,	505.60,	1,	1,	'2026-05-31 12:32:52',	'2026-05-31 12:32:52'),
(3,	1,	'Invoice',	'2026-05-25 18:02:52',	'Electrical Work',	'Claim activity for claim 1',	10,	204.65,	1081.68,	1,	1,	'2026-05-31 12:32:52',	'2026-05-31 12:32:52'),
(4,	2,	'Payment',	'2026-03-24 18:02:52',	'Painting',	'Claim activity for claim 2',	6,	207.64,	132.46,	1,	1,	'2026-05-31 12:32:52',	'2026-05-31 12:32:52'),
(5,	2,	'Invoice',	'2026-03-25 18:02:52',	'Water Extraction',	'Claim activity for claim 2',	10,	172.53,	448.58,	1,	1,	'2026-05-31 12:32:52',	'2026-05-31 12:32:52'),
(6,	2,	'Payment',	'2026-04-22 18:02:52',	'Electrical Work',	'Claim activity for claim 2',	3,	207.81,	1545.00,	1,	1,	'2026-05-31 12:32:52',	'2026-05-31 12:32:52'),
(7,	3,	'Adjustment',	'2026-04-20 18:02:52',	'Painting',	'Claim activity for claim 3',	1,	158.46,	1477.86,	1,	1,	'2026-05-31 12:32:52',	'2026-05-31 12:32:52'),
(8,	3,	'Adjustment',	'2026-03-07 18:02:52',	'Electrical Work',	'Claim activity for claim 3',	9,	309.00,	1561.41,	1,	1,	'2026-05-31 12:32:52',	'2026-05-31 12:32:52'),
(9,	3,	'Invoice',	'2026-04-02 18:02:52',	'Water Extraction',	'Claim activity for claim 3',	9,	113.27,	242.91,	1,	1,	'2026-05-31 12:32:52',	'2026-05-31 12:32:52'),
(10,	4,	'Invoice',	'2026-05-14 18:02:52',	'Painting',	'Claim activity for claim 4',	10,	254.75,	615.47,	1,	1,	'2026-05-31 12:32:52',	'2026-05-31 12:32:52'),
(11,	4,	'Payment',	'2026-04-24 18:02:52',	'Painting',	'Claim activity for claim 4',	9,	238.02,	607.24,	1,	1,	'2026-05-31 12:32:52',	'2026-05-31 12:32:52'),
(12,	4,	'Payment',	'2026-03-21 18:02:52',	'Water Extraction',	'Claim activity for claim 4',	2,	435.43,	758.41,	1,	1,	'2026-05-31 12:32:52',	'2026-05-31 12:32:52'),
(13,	5,	'Adjustment',	'2026-05-23 18:02:52',	'Electrical Work',	'Claim activity for claim 5',	9,	401.03,	110.86,	1,	1,	'2026-05-31 12:32:52',	'2026-05-31 12:32:52'),
(14,	5,	'Adjustment',	'2026-04-05 18:02:52',	'Water Extraction',	'Claim activity for claim 5',	9,	209.97,	1560.84,	1,	1,	'2026-05-31 12:32:52',	'2026-05-31 12:32:52'),
(15,	5,	'Adjustment',	'2026-04-05 18:02:52',	'Drywall',	'Claim activity for claim 5',	2,	298.14,	183.56,	1,	1,	'2026-05-31 12:32:52',	'2026-05-31 12:32:52'),
(16,	6,	'Adjustment',	'2026-03-22 18:02:52',	'Drywall',	'Claim activity for claim 6',	4,	106.14,	888.84,	1,	1,	'2026-05-31 12:32:52',	'2026-05-31 12:32:52'),
(17,	6,	'Invoice',	'2026-03-13 18:02:52',	'Drywall',	'Claim activity for claim 6',	1,	445.71,	1142.02,	1,	1,	'2026-05-31 12:32:52',	'2026-05-31 12:32:52'),
(18,	6,	'Invoice',	'2026-04-24 18:02:52',	'Painting',	'Claim activity for claim 6',	6,	327.00,	203.58,	1,	1,	'2026-05-31 12:32:52',	'2026-05-31 12:32:52'),
(19,	7,	'Adjustment',	'2026-05-13 18:02:52',	'Electrical Work',	'Claim activity for claim 7',	4,	435.54,	1300.40,	1,	1,	'2026-05-31 12:32:52',	'2026-05-31 12:32:52'),
(20,	7,	'Adjustment',	'2026-05-28 18:02:52',	'Roof Repair',	'Claim activity for claim 7',	6,	230.32,	317.32,	1,	1,	'2026-05-31 12:32:52',	'2026-05-31 12:32:52'),
(21,	7,	'Payment',	'2026-03-22 18:02:52',	'Electrical Work',	'Claim activity for claim 7',	5,	294.22,	127.35,	1,	1,	'2026-05-31 12:32:52',	'2026-05-31 12:32:52'),
(22,	8,	'Payment',	'2026-05-25 18:02:52',	'Drywall',	'Claim activity for claim 8',	3,	436.41,	264.10,	1,	1,	'2026-05-31 12:32:52',	'2026-05-31 12:32:52'),
(23,	8,	'Invoice',	'2026-03-19 18:02:52',	'Water Extraction',	'Claim activity for claim 8',	5,	190.96,	1517.88,	1,	1,	'2026-05-31 12:32:52',	'2026-05-31 12:32:52'),
(24,	8,	'Adjustment',	'2026-04-10 18:02:52',	'Roof Repair',	'Claim activity for claim 8',	3,	411.98,	1359.70,	1,	1,	'2026-05-31 12:32:52',	'2026-05-31 12:32:52'),
(25,	9,	'Invoice',	'2026-04-06 18:02:52',	'Electrical Work',	'Claim activity for claim 9',	2,	424.64,	546.13,	1,	1,	'2026-05-31 12:32:52',	'2026-05-31 12:32:52'),
(26,	9,	'Invoice',	'2026-05-04 18:02:52',	'Electrical Work',	'Claim activity for claim 9',	2,	102.88,	429.58,	1,	1,	'2026-05-31 12:32:52',	'2026-05-31 12:32:52'),
(27,	9,	'Adjustment',	'2026-05-09 18:02:52',	'Electrical Work',	'Claim activity for claim 9',	8,	518.59,	874.02,	1,	1,	'2026-05-31 12:32:52',	'2026-05-31 12:32:52'),
(28,	10,	'Adjustment',	'2026-05-05 18:02:52',	'Roof Repair',	'Claim activity for claim 10',	10,	179.32,	755.78,	1,	1,	'2026-05-31 12:32:52',	'2026-05-31 12:32:52'),
(29,	10,	'Payment',	'2026-03-26 18:02:52',	'Drywall',	'Claim activity for claim 10',	1,	98.40,	390.24,	1,	1,	'2026-05-31 12:32:52',	'2026-05-31 12:32:52'),
(30,	10,	'Adjustment',	'2026-03-20 18:02:52',	'Electrical Work',	'Claim activity for claim 10',	6,	433.97,	388.07,	1,	1,	'2026-05-31 12:32:52',	'2026-05-31 12:32:52'),
(31,	11,	'Payment',	'2026-03-29 18:02:52',	'Drywall',	'Claim activity for claim 11',	7,	423.08,	1110.71,	1,	1,	'2026-05-31 12:32:52',	'2026-05-31 12:32:52'),
(32,	11,	'Invoice',	'2026-04-05 18:02:52',	'Painting',	'Claim activity for claim 11',	10,	227.77,	1581.75,	1,	1,	'2026-05-31 12:32:52',	'2026-05-31 12:32:52'),
(33,	11,	'Adjustment',	'2026-04-26 18:02:52',	'Water Extraction',	'Claim activity for claim 11',	7,	216.50,	976.61,	1,	1,	'2026-05-31 12:32:52',	'2026-05-31 12:32:52'),
(34,	12,	'Adjustment',	'2026-03-15 18:02:52',	'Drywall',	'Claim activity for claim 12',	2,	537.86,	878.43,	1,	1,	'2026-05-31 12:32:52',	'2026-05-31 12:32:52'),
(35,	12,	'Adjustment',	'2026-03-22 18:02:52',	'Electrical Work',	'Claim activity for claim 12',	2,	127.49,	483.89,	1,	1,	'2026-05-31 12:32:52',	'2026-05-31 12:32:52'),
(36,	12,	'Adjustment',	'2026-05-04 18:02:52',	'Roof Repair',	'Claim activity for claim 12',	6,	179.52,	1283.62,	1,	1,	'2026-05-31 12:32:52',	'2026-05-31 12:32:52'),
(37,	13,	'Invoice',	'2026-04-19 18:02:52',	'Electrical Work',	'Claim activity for claim 13',	10,	512.84,	1473.25,	1,	1,	'2026-05-31 12:32:52',	'2026-05-31 12:32:52'),
(38,	13,	'Adjustment',	'2026-05-08 18:02:52',	'Electrical Work',	'Claim activity for claim 13',	7,	287.79,	868.52,	1,	1,	'2026-05-31 12:32:52',	'2026-05-31 12:32:52'),
(39,	13,	'Invoice',	'2026-05-19 18:02:52',	'Water Extraction',	'Claim activity for claim 13',	1,	148.63,	1532.81,	1,	1,	'2026-05-31 12:32:52',	'2026-05-31 12:32:52'),
(40,	14,	'Invoice',	'2026-05-26 18:02:52',	'Painting',	'Claim activity for claim 14',	5,	112.90,	471.46,	1,	1,	'2026-05-31 12:32:52',	'2026-05-31 12:32:52'),
(41,	14,	'Adjustment',	'2026-04-11 18:02:52',	'Water Extraction',	'Claim activity for claim 14',	5,	295.67,	340.48,	1,	1,	'2026-05-31 12:32:52',	'2026-05-31 12:32:52'),
(42,	14,	'Invoice',	'2026-05-17 18:02:52',	'Electrical Work',	'Claim activity for claim 14',	6,	199.60,	1407.99,	1,	1,	'2026-05-31 12:32:52',	'2026-05-31 12:32:52'),
(43,	15,	'Payment',	'2026-03-30 18:02:52',	'Roof Repair',	'Claim activity for claim 15',	4,	339.50,	1274.16,	1,	1,	'2026-05-31 12:32:52',	'2026-05-31 12:32:52'),
(44,	15,	'Invoice',	'2026-04-13 18:02:52',	'Roof Repair',	'Claim activity for claim 15',	2,	171.91,	1306.27,	1,	1,	'2026-05-31 12:32:52',	'2026-05-31 12:32:52'),
(45,	15,	'Invoice',	'2026-05-28 18:02:52',	'Water Extraction',	'Claim activity for claim 15',	5,	146.91,	1155.19,	1,	1,	'2026-05-31 12:32:52',	'2026-05-31 12:32:52'),
(46,	16,	'Adjustment',	'2026-04-10 18:02:52',	'Roof Repair',	'Claim activity for claim 16',	5,	181.85,	1442.99,	1,	1,	'2026-05-31 12:32:52',	'2026-05-31 12:32:52'),
(47,	16,	'Adjustment',	'2026-03-26 18:02:52',	'Painting',	'Claim activity for claim 16',	1,	149.88,	1460.64,	1,	1,	'2026-05-31 12:32:52',	'2026-05-31 12:32:52'),
(48,	16,	'Adjustment',	'2026-03-06 18:02:52',	'Electrical Work',	'Claim activity for claim 16',	1,	243.44,	1180.07,	1,	1,	'2026-05-31 12:32:52',	'2026-05-31 12:32:52'),
(49,	17,	'Payment',	'2026-05-28 18:02:52',	'Electrical Work',	'Claim activity for claim 17',	3,	334.03,	301.02,	1,	1,	'2026-05-31 12:32:52',	'2026-05-31 12:32:52'),
(50,	17,	'Adjustment',	'2026-04-23 18:02:52',	'Water Extraction',	'Claim activity for claim 17',	10,	476.07,	878.27,	1,	1,	'2026-05-31 12:32:52',	'2026-05-31 12:32:52'),
(51,	17,	'Invoice',	'2026-04-05 18:02:52',	'Roof Repair',	'Claim activity for claim 17',	4,	342.70,	1432.16,	1,	1,	'2026-05-31 12:32:52',	'2026-05-31 12:32:52'),
(52,	18,	'Adjustment',	'2026-03-24 18:02:52',	'Painting',	'Claim activity for claim 18',	4,	435.53,	1109.50,	1,	1,	'2026-05-31 12:32:52',	'2026-05-31 12:32:52'),
(53,	18,	'Invoice',	'2026-05-10 18:02:52',	'Roof Repair',	'Claim activity for claim 18',	6,	245.29,	756.03,	1,	1,	'2026-05-31 12:32:52',	'2026-05-31 12:32:52'),
(54,	18,	'Invoice',	'2026-03-24 18:02:52',	'Painting',	'Claim activity for claim 18',	6,	302.90,	1357.69,	1,	1,	'2026-05-31 12:32:52',	'2026-05-31 12:32:52'),
(55,	19,	'Adjustment',	'2026-03-15 18:02:52',	'Water Extraction',	'Claim activity for claim 19',	8,	84.30,	122.02,	1,	1,	'2026-05-31 12:32:52',	'2026-05-31 12:32:52'),
(56,	19,	'Adjustment',	'2026-05-05 18:02:52',	'Electrical Work',	'Claim activity for claim 19',	5,	378.89,	1501.40,	1,	1,	'2026-05-31 12:32:52',	'2026-05-31 12:32:52'),
(57,	19,	'Adjustment',	'2026-03-31 18:02:52',	'Water Extraction',	'Claim activity for claim 19',	7,	160.56,	335.27,	1,	1,	'2026-05-31 12:32:52',	'2026-05-31 12:32:52'),
(58,	20,	'Invoice',	'2026-05-19 18:02:52',	'Water Extraction',	'Claim activity for claim 20',	2,	416.75,	513.83,	1,	1,	'2026-05-31 12:32:52',	'2026-05-31 12:32:52'),
(59,	20,	'Invoice',	'2026-05-25 18:02:52',	'Painting',	'Claim activity for claim 20',	8,	332.15,	768.00,	1,	1,	'2026-05-31 12:32:52',	'2026-05-31 12:32:52'),
(60,	20,	'Payment',	'2026-05-02 18:02:52',	'Roof Repair',	'Claim activity for claim 20',	4,	238.93,	1526.03,	1,	1,	'2026-05-31 12:32:52',	'2026-05-31 12:32:52'),
(61,	21,	'Payment',	'2026-05-09 18:02:52',	'Water Extraction',	'Claim activity for claim 21',	2,	330.38,	686.49,	1,	1,	'2026-05-31 12:32:52',	'2026-05-31 12:32:52'),
(62,	21,	'Invoice',	'2026-05-14 18:02:52',	'Roof Repair',	'Claim activity for claim 21',	2,	102.12,	424.39,	1,	1,	'2026-05-31 12:32:52',	'2026-05-31 12:32:52'),
(63,	21,	'Adjustment',	'2026-05-14 18:02:52',	'Painting',	'Claim activity for claim 21',	8,	408.85,	641.27,	1,	1,	'2026-05-31 12:32:52',	'2026-05-31 12:32:52'),
(64,	22,	'Payment',	'2026-05-16 18:02:52',	'Electrical Work',	'Claim activity for claim 22',	1,	289.77,	500.90,	1,	1,	'2026-05-31 12:32:52',	'2026-05-31 12:32:52'),
(65,	22,	'Adjustment',	'2026-03-31 18:02:52',	'Painting',	'Claim activity for claim 22',	7,	546.25,	150.76,	1,	1,	'2026-05-31 12:32:52',	'2026-05-31 12:32:52'),
(66,	22,	'Invoice',	'2026-03-15 18:02:52',	'Painting',	'Claim activity for claim 22',	10,	435.41,	1469.48,	1,	1,	'2026-05-31 12:32:52',	'2026-05-31 12:32:52'),
(67,	23,	'Invoice',	'2026-04-14 18:02:52',	'Electrical Work',	'Claim activity for claim 23',	8,	82.79,	311.18,	1,	1,	'2026-05-31 12:32:52',	'2026-05-31 12:32:52'),
(68,	23,	'Payment',	'2026-05-21 18:02:52',	'Roof Repair',	'Claim activity for claim 23',	9,	201.86,	1381.18,	1,	1,	'2026-05-31 12:32:52',	'2026-05-31 12:32:52'),
(69,	23,	'Payment',	'2026-05-10 18:02:52',	'Roof Repair',	'Claim activity for claim 23',	8,	344.31,	1025.76,	1,	1,	'2026-05-31 12:32:52',	'2026-05-31 12:32:52'),
(70,	24,	'Invoice',	'2026-03-25 18:02:52',	'Painting',	'Claim activity for claim 24',	7,	545.21,	1523.59,	1,	1,	'2026-05-31 12:32:52',	'2026-05-31 12:32:52'),
(71,	24,	'Adjustment',	'2026-05-29 18:02:52',	'Painting',	'Claim activity for claim 24',	9,	100.28,	1322.54,	1,	1,	'2026-05-31 12:32:52',	'2026-05-31 12:32:52'),
(72,	24,	'Adjustment',	'2026-04-23 18:02:52',	'Painting',	'Claim activity for claim 24',	7,	87.30,	555.65,	1,	1,	'2026-05-31 12:32:52',	'2026-05-31 12:32:52'),
(73,	25,	'Invoice',	'2026-04-11 18:02:52',	'Electrical Work',	'Claim activity for claim 25',	10,	100.04,	937.38,	1,	1,	'2026-05-31 12:32:52',	'2026-05-31 12:32:52'),
(74,	25,	'Payment',	'2026-03-22 18:02:52',	'Drywall',	'Claim activity for claim 25',	9,	411.98,	420.94,	1,	1,	'2026-05-31 12:32:52',	'2026-05-31 12:32:52'),
(75,	25,	'Adjustment',	'2026-03-16 18:02:52',	'Drywall',	'Claim activity for claim 25',	2,	186.94,	1336.09,	1,	1,	'2026-05-31 12:32:52',	'2026-05-31 12:32:52'),
(76,	26,	'Invoice',	'2026-05-30 18:02:52',	'Water Extraction',	'Claim activity for claim 26',	10,	195.63,	856.90,	1,	1,	'2026-05-31 12:32:52',	'2026-05-31 12:32:52'),
(77,	26,	'Payment',	'2026-03-27 18:02:52',	'Painting',	'Claim activity for claim 26',	4,	408.10,	800.07,	1,	1,	'2026-05-31 12:32:52',	'2026-05-31 12:32:52'),
(78,	26,	'Invoice',	'2026-04-14 18:02:52',	'Roof Repair',	'Claim activity for claim 26',	8,	371.20,	1454.14,	1,	1,	'2026-05-31 12:32:52',	'2026-05-31 12:32:52'),
(79,	27,	'Payment',	'2026-05-11 18:02:52',	'Water Extraction',	'Claim activity for claim 27',	2,	362.54,	1144.33,	1,	1,	'2026-05-31 12:32:52',	'2026-05-31 12:32:52'),
(80,	27,	'Payment',	'2026-03-08 18:02:52',	'Electrical Work',	'Claim activity for claim 27',	7,	244.59,	275.22,	1,	1,	'2026-05-31 12:32:52',	'2026-05-31 12:32:52'),
(81,	27,	'Payment',	'2026-03-27 18:02:52',	'Drywall',	'Claim activity for claim 27',	9,	82.25,	1215.38,	1,	1,	'2026-05-31 12:32:52',	'2026-05-31 12:32:52'),
(82,	28,	'Payment',	'2026-04-26 18:02:52',	'Water Extraction',	'Claim activity for claim 28',	8,	337.43,	1057.46,	1,	1,	'2026-05-31 12:32:52',	'2026-05-31 12:32:52'),
(83,	28,	'Payment',	'2026-04-24 18:02:52',	'Painting',	'Claim activity for claim 28',	3,	81.76,	1034.04,	1,	1,	'2026-05-31 12:32:52',	'2026-05-31 12:32:52'),
(84,	28,	'Adjustment',	'2026-03-25 18:02:52',	'Electrical Work',	'Claim activity for claim 28',	6,	51.05,	512.18,	1,	1,	'2026-05-31 12:32:52',	'2026-05-31 12:32:52'),
(85,	29,	'Payment',	'2026-05-30 18:02:52',	'Electrical Work',	'Claim activity for claim 29',	8,	72.21,	1385.08,	1,	1,	'2026-05-31 12:32:52',	'2026-05-31 12:32:52'),
(86,	29,	'Invoice',	'2026-05-15 18:02:52',	'Drywall',	'Claim activity for claim 29',	8,	215.13,	745.70,	1,	1,	'2026-05-31 12:32:52',	'2026-05-31 12:32:52'),
(87,	29,	'Invoice',	'2026-04-15 18:02:52',	'Roof Repair',	'Claim activity for claim 29',	10,	249.24,	366.69,	1,	1,	'2026-05-31 12:32:52',	'2026-05-31 12:32:52'),
(88,	30,	'Adjustment',	'2026-03-08 18:02:52',	'Drywall',	'Claim activity for claim 30',	2,	541.62,	794.21,	1,	1,	'2026-05-31 12:32:52',	'2026-05-31 12:32:52'),
(89,	30,	'Payment',	'2026-04-23 18:02:52',	'Roof Repair',	'Claim activity for claim 30',	1,	106.73,	650.96,	1,	1,	'2026-05-31 12:32:52',	'2026-05-31 12:32:52'),
(90,	30,	'Payment',	'2026-04-27 18:02:52',	'Drywall',	'Claim activity for claim 30',	9,	170.62,	896.99,	1,	1,	'2026-05-31 12:32:52',	'2026-05-31 12:32:52'),
(91,	31,	'Adjustment',	'2026-05-25 18:02:52',	'Drywall',	'Claim activity for claim 31',	6,	121.21,	142.37,	1,	1,	'2026-05-31 12:32:52',	'2026-05-31 12:32:52'),
(92,	31,	'Adjustment',	'2026-04-18 18:02:52',	'Water Extraction',	'Claim activity for claim 31',	10,	531.26,	1486.97,	1,	1,	'2026-05-31 12:32:52',	'2026-05-31 12:32:52'),
(93,	31,	'Adjustment',	'2026-03-11 18:02:52',	'Water Extraction',	'Claim activity for claim 31',	9,	228.63,	408.38,	1,	1,	'2026-05-31 12:32:52',	'2026-05-31 12:32:52'),
(94,	32,	'Adjustment',	'2026-05-17 18:02:52',	'Electrical Work',	'Claim activity for claim 32',	3,	288.50,	978.54,	1,	1,	'2026-05-31 12:32:52',	'2026-05-31 12:32:52'),
(95,	32,	'Payment',	'2026-03-27 18:02:52',	'Roof Repair',	'Claim activity for claim 32',	7,	324.74,	1496.43,	1,	1,	'2026-05-31 12:32:52',	'2026-05-31 12:32:52'),
(96,	32,	'Invoice',	'2026-05-10 18:02:52',	'Roof Repair',	'Claim activity for claim 32',	2,	185.17,	1411.43,	1,	1,	'2026-05-31 12:32:52',	'2026-05-31 12:32:52'),
(97,	33,	'Payment',	'2026-05-15 18:02:52',	'Water Extraction',	'Claim activity for claim 33',	6,	65.99,	931.88,	1,	1,	'2026-05-31 12:32:52',	'2026-05-31 12:32:52'),
(98,	33,	'Adjustment',	'2026-03-28 18:02:52',	'Drywall',	'Claim activity for claim 33',	8,	470.57,	197.76,	1,	1,	'2026-05-31 12:32:52',	'2026-05-31 12:32:52'),
(99,	33,	'Adjustment',	'2026-03-19 18:02:52',	'Painting',	'Claim activity for claim 33',	10,	355.77,	512.46,	1,	1,	'2026-05-31 12:32:52',	'2026-05-31 12:32:52'),
(100,	34,	'Payment',	'2026-03-14 18:02:52',	'Painting',	'Claim activity for claim 34',	2,	351.03,	818.09,	1,	1,	'2026-05-31 12:32:52',	'2026-05-31 12:32:52'),
(101,	34,	'Payment',	'2026-04-16 18:02:52',	'Painting',	'Claim activity for claim 34',	3,	465.99,	884.72,	1,	1,	'2026-05-31 12:32:52',	'2026-05-31 12:32:52'),
(102,	34,	'Invoice',	'2026-05-29 18:02:52',	'Painting',	'Claim activity for claim 34',	9,	496.71,	1468.99,	1,	1,	'2026-05-31 12:32:52',	'2026-05-31 12:32:52'),
(103,	35,	'Adjustment',	'2026-04-01 18:02:52',	'Painting',	'Claim activity for claim 35',	7,	82.75,	641.02,	1,	1,	'2026-05-31 12:32:52',	'2026-05-31 12:32:52'),
(104,	35,	'Payment',	'2026-03-07 18:02:52',	'Electrical Work',	'Claim activity for claim 35',	9,	257.53,	899.00,	1,	1,	'2026-05-31 12:32:52',	'2026-05-31 12:32:52'),
(105,	35,	'Payment',	'2026-04-17 18:02:53',	'Water Extraction',	'Claim activity for claim 35',	6,	157.97,	659.69,	1,	1,	'2026-05-31 12:32:53',	'2026-05-31 12:32:53'),
(106,	36,	'Invoice',	'2026-03-05 18:02:53',	'Roof Repair',	'Claim activity for claim 36',	1,	424.56,	917.07,	1,	1,	'2026-05-31 12:32:53',	'2026-05-31 12:32:53'),
(107,	36,	'Payment',	'2026-03-25 18:02:53',	'Water Extraction',	'Claim activity for claim 36',	3,	312.85,	1243.75,	1,	1,	'2026-05-31 12:32:53',	'2026-05-31 12:32:53'),
(108,	36,	'Invoice',	'2026-03-12 18:02:53',	'Painting',	'Claim activity for claim 36',	1,	534.13,	1188.73,	1,	1,	'2026-05-31 12:32:53',	'2026-05-31 12:32:53'),
(109,	37,	'Adjustment',	'2026-04-22 18:02:53',	'Roof Repair',	'Claim activity for claim 37',	10,	239.27,	370.83,	1,	1,	'2026-05-31 12:32:53',	'2026-05-31 12:32:53'),
(110,	37,	'Adjustment',	'2026-05-05 18:02:53',	'Roof Repair',	'Claim activity for claim 37',	10,	206.19,	1104.62,	1,	1,	'2026-05-31 12:32:53',	'2026-05-31 12:32:53'),
(111,	37,	'Payment',	'2026-05-27 18:02:53',	'Roof Repair',	'Claim activity for claim 37',	9,	278.52,	993.61,	1,	1,	'2026-05-31 12:32:53',	'2026-05-31 12:32:53'),
(112,	38,	'Payment',	'2026-05-09 18:02:53',	'Drywall',	'Claim activity for claim 38',	4,	402.79,	595.26,	1,	1,	'2026-05-31 12:32:53',	'2026-05-31 12:32:53'),
(113,	38,	'Payment',	'2026-03-31 18:02:53',	'Painting',	'Claim activity for claim 38',	10,	232.32,	1550.63,	1,	1,	'2026-05-31 12:32:53',	'2026-05-31 12:32:53'),
(114,	38,	'Adjustment',	'2026-03-20 18:02:53',	'Electrical Work',	'Claim activity for claim 38',	7,	379.15,	766.09,	1,	1,	'2026-05-31 12:32:53',	'2026-05-31 12:32:53'),
(115,	39,	'Invoice',	'2026-03-12 18:02:53',	'Painting',	'Claim activity for claim 39',	1,	450.22,	1592.22,	1,	1,	'2026-05-31 12:32:53',	'2026-05-31 12:32:53'),
(116,	39,	'Payment',	'2026-03-13 18:02:53',	'Painting',	'Claim activity for claim 39',	8,	412.09,	649.44,	1,	1,	'2026-05-31 12:32:53',	'2026-05-31 12:32:53'),
(117,	39,	'Payment',	'2026-05-14 18:02:53',	'Roof Repair',	'Claim activity for claim 39',	5,	104.05,	507.99,	1,	1,	'2026-05-31 12:32:53',	'2026-05-31 12:32:53'),
(118,	40,	'Invoice',	'2026-04-29 18:02:53',	'Painting',	'Claim activity for claim 40',	5,	83.51,	139.90,	1,	1,	'2026-05-31 12:32:53',	'2026-05-31 12:32:53'),
(119,	40,	'Adjustment',	'2026-04-09 18:02:53',	'Roof Repair',	'Claim activity for claim 40',	8,	333.32,	862.15,	1,	1,	'2026-05-31 12:32:53',	'2026-05-31 12:32:53'),
(120,	40,	'Adjustment',	'2026-03-31 18:02:53',	'Electrical Work',	'Claim activity for claim 40',	4,	547.79,	117.37,	1,	1,	'2026-05-31 12:32:53',	'2026-05-31 12:32:53'),
(121,	41,	'Invoice',	'2026-05-03 18:02:53',	'Water Extraction',	'Claim activity for claim 41',	10,	459.61,	246.81,	1,	1,	'2026-05-31 12:32:53',	'2026-05-31 12:32:53'),
(122,	41,	'Invoice',	'2026-03-15 18:02:53',	'Water Extraction',	'Claim activity for claim 41',	6,	80.82,	1089.12,	1,	1,	'2026-05-31 12:32:53',	'2026-05-31 12:32:53'),
(123,	41,	'Invoice',	'2026-04-09 18:02:53',	'Drywall',	'Claim activity for claim 41',	2,	519.04,	535.59,	1,	1,	'2026-05-31 12:32:53',	'2026-05-31 12:32:53'),
(124,	42,	'Payment',	'2026-05-03 18:02:53',	'Painting',	'Claim activity for claim 42',	5,	86.24,	257.68,	1,	1,	'2026-05-31 12:32:53',	'2026-05-31 12:32:53'),
(125,	42,	'Invoice',	'2026-05-11 18:02:53',	'Water Extraction',	'Claim activity for claim 42',	4,	88.80,	664.94,	1,	1,	'2026-05-31 12:32:53',	'2026-05-31 12:32:53'),
(126,	42,	'Payment',	'2026-05-21 18:02:53',	'Painting',	'Claim activity for claim 42',	10,	372.21,	777.19,	1,	1,	'2026-05-31 12:32:53',	'2026-05-31 12:32:53'),
(127,	43,	'Invoice',	'2026-05-08 18:02:53',	'Water Extraction',	'Claim activity for claim 43',	10,	485.80,	687.95,	1,	1,	'2026-05-31 12:32:53',	'2026-05-31 12:32:53'),
(128,	43,	'Payment',	'2026-04-12 18:02:53',	'Painting',	'Claim activity for claim 43',	10,	253.23,	562.57,	1,	1,	'2026-05-31 12:32:53',	'2026-05-31 12:32:53'),
(129,	43,	'Invoice',	'2026-03-31 18:02:53',	'Drywall',	'Claim activity for claim 43',	3,	59.22,	453.96,	1,	1,	'2026-05-31 12:32:53',	'2026-05-31 12:32:53'),
(130,	44,	'Invoice',	'2026-03-10 18:02:53',	'Water Extraction',	'Claim activity for claim 44',	3,	392.89,	1085.18,	1,	1,	'2026-05-31 12:32:53',	'2026-05-31 12:32:53'),
(131,	44,	'Invoice',	'2026-05-17 18:02:53',	'Roof Repair',	'Claim activity for claim 44',	2,	296.82,	1498.08,	1,	1,	'2026-05-31 12:32:53',	'2026-05-31 12:32:53'),
(132,	44,	'Invoice',	'2026-05-22 18:02:53',	'Electrical Work',	'Claim activity for claim 44',	6,	409.47,	139.80,	1,	1,	'2026-05-31 12:32:53',	'2026-05-31 12:32:53'),
(133,	45,	'Adjustment',	'2026-03-21 18:02:53',	'Roof Repair',	'Claim activity for claim 45',	10,	327.33,	1470.71,	1,	1,	'2026-05-31 12:32:53',	'2026-05-31 12:32:53'),
(134,	45,	'Adjustment',	'2026-03-22 18:02:53',	'Water Extraction',	'Claim activity for claim 45',	7,	418.36,	1110.63,	1,	1,	'2026-05-31 12:32:53',	'2026-05-31 12:32:53'),
(135,	45,	'Invoice',	'2026-03-23 18:02:53',	'Water Extraction',	'Claim activity for claim 45',	7,	476.88,	800.09,	1,	1,	'2026-05-31 12:32:53',	'2026-05-31 12:32:53'),
(136,	46,	'Adjustment',	'2026-04-20 18:02:53',	'Electrical Work',	'Claim activity for claim 46',	6,	488.53,	1112.96,	1,	1,	'2026-05-31 12:32:53',	'2026-05-31 12:32:53'),
(137,	46,	'Adjustment',	'2026-03-29 18:02:53',	'Water Extraction',	'Claim activity for claim 46',	3,	249.39,	506.21,	1,	1,	'2026-05-31 12:32:53',	'2026-05-31 12:32:53'),
(138,	46,	'Invoice',	'2026-03-05 18:02:53',	'Drywall',	'Claim activity for claim 46',	2,	207.69,	482.42,	1,	1,	'2026-05-31 12:32:53',	'2026-05-31 12:32:53'),
(139,	47,	'Invoice',	'2026-03-13 18:02:53',	'Drywall',	'Claim activity for claim 47',	4,	414.19,	815.19,	1,	1,	'2026-05-31 12:32:53',	'2026-05-31 12:32:53'),
(140,	47,	'Invoice',	'2026-04-11 18:02:53',	'Water Extraction',	'Claim activity for claim 47',	5,	260.75,	1383.56,	1,	1,	'2026-05-31 12:32:53',	'2026-05-31 12:32:53'),
(141,	47,	'Invoice',	'2026-04-16 18:02:53',	'Drywall',	'Claim activity for claim 47',	9,	482.65,	1233.19,	1,	1,	'2026-05-31 12:32:53',	'2026-05-31 12:32:53'),
(142,	48,	'Invoice',	'2026-04-04 18:02:53',	'Painting',	'Claim activity for claim 48',	4,	494.58,	589.05,	1,	1,	'2026-05-31 12:32:53',	'2026-05-31 12:32:53'),
(143,	48,	'Adjustment',	'2026-03-17 18:02:53',	'Water Extraction',	'Claim activity for claim 48',	10,	458.73,	516.24,	1,	1,	'2026-05-31 12:32:53',	'2026-05-31 12:32:53'),
(144,	48,	'Adjustment',	'2026-03-17 18:02:53',	'Drywall',	'Claim activity for claim 48',	6,	236.40,	553.59,	1,	1,	'2026-05-31 12:32:53',	'2026-05-31 12:32:53'),
(145,	49,	'Payment',	'2026-05-26 18:02:53',	'Roof Repair',	'Claim activity for claim 49',	5,	451.56,	1167.33,	1,	1,	'2026-05-31 12:32:53',	'2026-05-31 12:32:53'),
(146,	49,	'Invoice',	'2026-04-07 18:02:53',	'Drywall',	'Claim activity for claim 49',	2,	498.72,	226.84,	1,	1,	'2026-05-31 12:32:53',	'2026-05-31 12:32:53'),
(147,	49,	'Adjustment',	'2026-04-26 18:02:53',	'Electrical Work',	'Claim activity for claim 49',	9,	382.27,	1420.40,	1,	1,	'2026-05-31 12:32:53',	'2026-05-31 12:32:53'),
(148,	50,	'Payment',	'2026-04-26 18:02:53',	'Painting',	'Claim activity for claim 50',	7,	496.00,	917.97,	1,	1,	'2026-05-31 12:32:53',	'2026-05-31 12:32:53'),
(149,	50,	'Invoice',	'2026-04-06 18:02:53',	'Electrical Work',	'Claim activity for claim 50',	9,	175.55,	1341.12,	1,	1,	'2026-05-31 12:32:53',	'2026-05-31 12:32:53'),
(150,	50,	'Payment',	'2026-04-22 18:02:53',	'Roof Repair',	'Claim activity for claim 50',	9,	129.95,	468.13,	1,	1,	'2026-05-31 12:32:53',	'2026-05-31 12:32:53');

DROP TABLE IF EXISTS `claims`;
CREATE TABLE `claims` (
  `id` bigint NOT NULL AUTO_INCREMENT,
  `file_number` varchar(100) CHARACTER SET utf8mb4 COLLATE utf8mb4_unicode_ci DEFAULT NULL,
  `manager_name` varchar(255) CHARACTER SET utf8mb4 COLLATE utf8mb4_unicode_ci DEFAULT NULL,
  `service_provider_name` varchar(255) CHARACTER SET utf8mb4 COLLATE utf8mb4_unicode_ci DEFAULT NULL,
  `claim_number` varchar(100) CHARACTER SET utf8mb4 COLLATE utf8mb4_unicode_ci DEFAULT NULL,
  `assignment_id` varchar(100) CHARACTER SET utf8mb4 COLLATE utf8mb4_unicode_ci DEFAULT NULL,
  `company_name` varchar(255) CHARACTER SET utf8mb4 COLLATE utf8mb4_unicode_ci DEFAULT NULL,
  `invoice_date` date DEFAULT NULL,
  `expenses` decimal(12,2) DEFAULT NULL,
  `sale_tax` decimal(12,2) DEFAULT NULL,
  `payment_amount` decimal(12,2) DEFAULT NULL,
  `balance_amount` decimal(12,2) DEFAULT NULL,
  `payment_date` date DEFAULT NULL,
  `loss_amount` decimal(12,2) DEFAULT NULL,
  `orig_fee_schedule` decimal(12,2) DEFAULT NULL,
  `orig_correction` decimal(12,2) DEFAULT NULL,
  `orig_wyo_payment` decimal(12,2) DEFAULT NULL,
  `orig_write_off` decimal(12,2) DEFAULT NULL,
  `orig_adjusting_company` varchar(255) CHARACTER SET utf8mb4 COLLATE utf8mb4_unicode_ci DEFAULT NULL,
  `orig_days_os` int DEFAULT NULL,
  `orig_loss_type` varchar(255) CHARACTER SET utf8mb4 COLLATE utf8mb4_unicode_ci DEFAULT NULL,
  `curr_company_name` varchar(255) CHARACTER SET utf8mb4 COLLATE utf8mb4_unicode_ci DEFAULT NULL,
  `is_deleted` tinyint(1) DEFAULT '0',
  `created_by` bigint DEFAULT NULL,
  `updated_by` bigint DEFAULT NULL,
  `created_at` timestamp NULL DEFAULT NULL,
  `updated_at` timestamp NULL DEFAULT NULL,
  PRIMARY KEY (`id`),
  KEY `idx_file_number` (`file_number`),
  KEY `idx_claim_number` (`claim_number`),
  KEY `idx_invoice_date` (`invoice_date`),
  KEY `idx_payment_date` (`payment_date`),
  KEY `idx_company_name` (`company_name`),
  KEY `claims_ibfk_1` (`created_by`),
  KEY `claims_ibfk_2` (`updated_by`),
  CONSTRAINT `claims_ibfk_1` FOREIGN KEY (`created_by`) REFERENCES `users` (`id`) ON DELETE SET NULL,
  CONSTRAINT `claims_ibfk_2` FOREIGN KEY (`updated_by`) REFERENCES `users` (`id`) ON DELETE SET NULL
) ENGINE=InnoDB DEFAULT CHARSET=utf8mb4 COLLATE=utf8mb4_unicode_ci;

INSERT INTO `claims` (`id`, `file_number`, `manager_name`, `service_provider_name`, `claim_number`, `assignment_id`, `company_name`, `invoice_date`, `expenses`, `sale_tax`, `payment_amount`, `balance_amount`, `payment_date`, `loss_amount`, `orig_fee_schedule`, `orig_correction`, `orig_wyo_payment`, `orig_write_off`, `orig_adjusting_company`, `orig_days_os`, `orig_loss_type`, `curr_company_name`, `is_deleted`, `created_by`, `updated_by`, `created_at`, `updated_at`) VALUES
(1,	'FN-00001',	'Chris Anderson',	'SafeBuild',	'CLM-00001',	'ASG-00001',	'Liberty Mutual',	'2026-02-11',	1026.36,	364.50,	6804.24,	517.78,	'2026-01-06',	4869.02,	534.45,	57.07,	246.98,	261.34,	'Insurance Pros',	96,	'Flood',	'Allstate',	0,	1,	1,	'2026-05-31 12:32:38',	'2026-05-31 12:32:38'),
(2,	'FN-00002',	'Chris Anderson',	'QuickFix Services',	'CLM-00002',	'ASG-00002',	'Liberty Mutual',	'2025-06-27',	815.07,	315.88,	4288.46,	1507.22,	'2026-03-28',	8990.29,	393.66,	33.86,	930.80,	319.16,	'ClaimMasters',	10,	'Fire',	'Travelers',	0,	1,	1,	'2026-05-31 12:32:38',	'2026-05-31 12:32:38'),
(3,	'FN-00003',	'Michael Brown',	'Disaster Recovery Inc',	'CLM-00003',	'ASG-00003',	'State Farm',	'2025-07-07',	2484.53,	191.46,	2567.50,	541.70,	'2026-01-29',	9997.31,	575.84,	95.89,	939.63,	410.66,	'AdjustCorp',	117,	'Fire',	'State Farm',	0,	1,	1,	'2026-05-31 12:32:38',	'2026-05-31 12:32:38'),
(4,	'FN-00004',	'Robert Taylor',	'SafeBuild',	'CLM-00004',	'ASG-00004',	'Progressive',	'2026-04-24',	3444.28,	370.01,	4034.91,	495.43,	'2025-12-14',	15194.96,	558.98,	75.09,	0.37,	374.64,	'Insurance Pros',	58,	'Fire',	'Allstate',	0,	1,	1,	'2026-05-31 12:32:38',	'2026-05-31 12:32:38'),
(5,	'FN-00005',	'Michael Brown',	'QuickFix Services',	'CLM-00005',	'ASG-00005',	'Progressive',	'2026-02-03',	4017.32,	324.79,	5462.78,	1077.88,	'2026-01-11',	5404.39,	160.93,	72.84,	276.49,	98.60,	'AdjustCorp',	23,	'Flood',	'Travelers',	0,	1,	1,	'2026-05-31 12:32:38',	'2026-05-31 12:32:38'),
(6,	'FN-00006',	'Chris Anderson',	'Disaster Recovery Inc',	'CLM-00006',	'ASG-00006',	'State Farm',	'2025-07-06',	1809.22,	351.17,	2583.03,	647.46,	'2025-12-13',	11947.99,	514.35,	95.39,	283.29,	277.41,	'Insurance Pros',	115,	'Fire',	'State Farm',	0,	1,	1,	'2026-05-31 12:32:38',	'2026-05-31 12:32:38'),
(7,	'FN-00007',	'Chris Anderson',	'National Adjusters',	'CLM-00007',	'ASG-00007',	'Progressive',	'2025-11-07',	5191.35,	52.54,	2473.84,	75.06,	'2026-02-20',	11011.89,	434.63,	34.39,	711.94,	263.93,	'ClaimMasters',	113,	'Fire',	'Travelers',	0,	1,	1,	'2026-05-31 12:32:38',	'2026-05-31 12:32:38'),
(8,	'FN-00008',	'David Wilson',	'QuickFix Services',	'CLM-00008',	'ASG-00008',	'Liberty Mutual',	'2026-02-23',	4973.21,	386.66,	5778.76,	786.88,	'2025-12-17',	7231.34,	259.84,	35.21,	801.47,	475.52,	'ClaimMasters',	109,	'Flood',	'Liberty Mutual',	0,	1,	1,	'2026-05-31 12:32:38',	'2026-05-31 12:32:38'),
(9,	'FN-00009',	'David Wilson',	'Disaster Recovery Inc',	'CLM-00009',	'ASG-00009',	'State Farm',	'2025-06-28',	2622.85,	223.54,	4231.91,	534.53,	'2025-12-11',	15313.99,	558.85,	72.57,	875.31,	99.77,	'ClaimMasters',	32,	'Fire',	'State Farm',	0,	1,	1,	'2026-05-31 12:32:38',	'2026-05-31 12:32:38'),
(10,	'FN-00010',	'John Smith',	'QuickFix Services',	'CLM-00010',	'ASG-00010',	'Liberty Mutual',	'2026-05-18',	4851.64,	169.71,	5102.69,	424.48,	'2026-04-07',	14167.47,	340.21,	76.86,	401.89,	351.77,	'AdjustCorp',	54,	'Flood',	'State Farm',	0,	1,	1,	'2026-05-31 12:32:38',	'2026-05-31 12:32:38'),
(11,	'FN-00011',	'John Smith',	'National Adjusters',	'CLM-00011',	'ASG-00011',	'State Farm',	'2025-06-08',	3052.31,	358.24,	4856.83,	1810.92,	'2025-12-25',	10832.87,	427.24,	30.58,	565.63,	455.36,	'Insurance Pros',	67,	'Fire',	'Allstate',	0,	1,	1,	'2026-05-31 12:32:38',	'2026-05-31 12:32:38'),
(12,	'FN-00012',	'Chris Anderson',	'QuickFix Services',	'CLM-00012',	'ASG-00012',	'Allstate',	'2025-08-31',	3534.01,	443.15,	1777.34,	392.74,	'2026-02-04',	10815.50,	262.88,	66.57,	351.02,	379.06,	'Insurance Pros',	50,	'Theft',	'State Farm',	0,	1,	1,	'2026-05-31 12:32:38',	'2026-05-31 12:32:38'),
(13,	'FN-00013',	'David Wilson',	'National Adjusters',	'CLM-00013',	'ASG-00013',	'Progressive',	'2025-09-19',	2820.15,	162.26,	6113.29,	1957.62,	'2026-01-25',	9651.75,	487.99,	14.96,	420.01,	325.63,	'Insurance Pros',	4,	'Fire',	'Liberty Mutual',	0,	1,	1,	'2026-05-31 12:32:38',	'2026-05-31 12:32:38'),
(14,	'FN-00014',	'Chris Anderson',	'QuickFix Services',	'CLM-00014',	'ASG-00014',	'Allstate',	'2026-02-01',	4257.61,	436.42,	5267.70,	1459.63,	'2026-01-04',	14663.22,	147.10,	73.84,	409.35,	415.78,	'Insurance Pros',	19,	'Theft',	'Allstate',	0,	1,	1,	'2026-05-31 12:32:38',	'2026-05-31 12:32:38'),
(15,	'FN-00015',	'Michael Brown',	'RestorePro',	'CLM-00015',	'ASG-00015',	'Allstate',	'2026-01-12',	706.99,	82.23,	2386.51,	1594.01,	'2026-03-22',	9445.00,	421.30,	52.40,	692.01,	444.10,	'ClaimMasters',	20,	'Wind',	'State Farm',	0,	1,	1,	'2026-05-31 12:32:38',	'2026-05-31 12:32:38'),
(16,	'FN-00016',	'John Smith',	'Disaster Recovery Inc',	'CLM-00016',	'ASG-00016',	'Travelers',	'2026-02-14',	3783.10,	254.34,	1514.68,	283.20,	'2026-03-05',	1184.19,	399.58,	95.89,	997.15,	54.50,	'ClaimMasters',	53,	'Wind',	'Allstate',	0,	1,	1,	'2026-05-31 12:32:38',	'2026-05-31 12:32:38'),
(17,	'FN-00017',	'Michael Brown',	'Disaster Recovery Inc',	'CLM-00017',	'ASG-00017',	'Allstate',	'2026-03-13',	1151.75,	549.33,	5215.57,	30.32,	'2026-04-13',	5501.74,	446.61,	56.58,	749.20,	24.34,	'Insurance Pros',	100,	'Fire',	'Allstate',	0,	1,	1,	'2026-05-31 12:32:38',	'2026-05-31 12:32:38'),
(18,	'FN-00018',	'Michael Brown',	'National Adjusters',	'CLM-00018',	'ASG-00018',	'Travelers',	'2026-05-14',	3193.07,	325.61,	1982.00,	95.51,	'2026-01-04',	15194.65,	238.90,	55.01,	917.09,	467.58,	'Insurance Pros',	99,	'Flood',	'State Farm',	0,	1,	1,	'2026-05-31 12:32:38',	'2026-05-31 12:32:38'),
(19,	'FN-00019',	'Robert Taylor',	'SafeBuild',	'CLM-00019',	'ASG-00019',	'Progressive',	'2025-11-12',	3162.87,	58.44,	4406.99,	765.81,	'2026-03-11',	2848.54,	226.50,	89.53,	717.62,	451.07,	'ClaimMasters',	10,	'Flood',	'Allstate',	0,	1,	1,	'2026-05-31 12:32:38',	'2026-05-31 12:32:38'),
(20,	'FN-00020',	'Michael Brown',	'SafeBuild',	'CLM-00020',	'ASG-00020',	'Allstate',	'2025-07-11',	3988.22,	460.49,	1083.48,	1193.43,	'2025-12-12',	15232.00,	550.32,	65.68,	582.03,	469.89,	'Insurance Pros',	114,	'Theft',	'Allstate',	0,	1,	1,	'2026-05-31 12:32:38',	'2026-05-31 12:32:38'),
(21,	'FN-00021',	'Chris Anderson',	'National Adjusters',	'CLM-00021',	'ASG-00021',	'Liberty Mutual',	'2025-07-05',	1183.50,	532.34,	3892.80,	344.54,	'2026-02-09',	9866.73,	145.41,	68.08,	131.30,	307.12,	'Insurance Pros',	66,	'Wind',	'Travelers',	0,	1,	1,	'2026-05-31 12:32:38',	'2026-05-31 12:32:38'),
(22,	'FN-00022',	'Chris Anderson',	'QuickFix Services',	'CLM-00022',	'ASG-00022',	'State Farm',	'2025-07-08',	2866.83,	387.21,	7664.06,	1473.55,	'2026-01-02',	14934.35,	180.61,	1.92,	612.33,	2.03,	'AdjustCorp',	109,	'Theft',	'State Farm',	0,	1,	1,	'2026-05-31 12:32:38',	'2026-05-31 12:32:38'),
(23,	'FN-00023',	'Chris Anderson',	'SafeBuild',	'CLM-00023',	'ASG-00023',	'State Farm',	'2026-02-17',	1268.19,	509.46,	1935.76,	1823.29,	'2026-05-03',	1764.47,	491.64,	76.35,	467.82,	24.26,	'Insurance Pros',	6,	'Wind',	'Liberty Mutual',	0,	1,	1,	'2026-05-31 12:32:38',	'2026-05-31 12:32:38'),
(24,	'FN-00024',	'Michael Brown',	'QuickFix Services',	'CLM-00024',	'ASG-00024',	'Allstate',	'2025-10-22',	1399.04,	88.02,	6885.58,	1951.71,	'2026-03-28',	13852.07,	206.70,	49.66,	842.87,	362.26,	'AdjustCorp',	36,	'Fire',	'State Farm',	0,	1,	1,	'2026-05-31 12:32:38',	'2026-05-31 12:32:38'),
(25,	'FN-00025',	'Chris Anderson',	'QuickFix Services',	'CLM-00025',	'ASG-00025',	'Travelers',	'2025-08-21',	5421.97,	344.25,	7925.49,	362.52,	'2025-12-14',	3210.30,	561.05,	16.84,	75.68,	436.62,	'AdjustCorp',	10,	'Theft',	'Liberty Mutual',	0,	1,	1,	'2026-05-31 12:32:38',	'2026-05-31 12:32:38'),
(26,	'FN-00026',	'John Smith',	'QuickFix Services',	'CLM-00026',	'ASG-00026',	'Travelers',	'2026-04-17',	710.37,	471.10,	1593.66,	1794.85,	'2026-04-20',	8068.85,	429.08,	87.70,	410.69,	211.18,	'Insurance Pros',	16,	'Fire',	'Liberty Mutual',	0,	1,	1,	'2026-05-31 12:32:38',	'2026-05-31 12:32:38'),
(27,	'FN-00027',	'David Wilson',	'RestorePro',	'CLM-00027',	'ASG-00027',	'Allstate',	'2026-05-28',	1635.64,	102.03,	6872.19,	1764.52,	'2025-12-21',	13396.96,	324.19,	76.25,	467.23,	24.36,	'Insurance Pros',	8,	'Theft',	'Travelers',	0,	1,	1,	'2026-05-31 12:32:38',	'2026-05-31 12:32:38'),
(28,	'FN-00028',	'David Wilson',	'RestorePro',	'CLM-00028',	'ASG-00028',	'Travelers',	'2026-01-19',	859.63,	186.11,	2017.42,	1820.10,	'2026-05-11',	13614.51,	531.08,	78.79,	353.04,	200.74,	'Insurance Pros',	65,	'Theft',	'Liberty Mutual',	0,	1,	1,	'2026-05-31 12:32:38',	'2026-05-31 12:32:38'),
(29,	'FN-00029',	'David Wilson',	'Disaster Recovery Inc',	'CLM-00029',	'ASG-00029',	'Progressive',	'2025-10-13',	4607.38,	157.43,	5268.89,	809.29,	'2026-04-27',	12319.07,	195.95,	69.57,	902.64,	213.11,	'ClaimMasters',	101,	'Theft',	'State Farm',	0,	1,	1,	'2026-05-31 12:32:38',	'2026-05-31 12:32:38'),
(30,	'FN-00030',	'David Wilson',	'SafeBuild',	'CLM-00030',	'ASG-00030',	'State Farm',	'2025-07-26',	1278.25,	169.05,	6065.17,	1807.31,	'2026-03-30',	1396.45,	144.86,	36.93,	577.30,	389.31,	'AdjustCorp',	57,	'Theft',	'Travelers',	0,	1,	1,	'2026-05-31 12:32:38',	'2026-05-31 12:32:38'),
(31,	'FN-00031',	'John Smith',	'QuickFix Services',	'CLM-00031',	'ASG-00031',	'Liberty Mutual',	'2025-09-29',	4407.81,	498.84,	2006.31,	51.45,	'2026-01-26',	7143.67,	577.92,	55.05,	884.75,	386.20,	'AdjustCorp',	87,	'Theft',	'Travelers',	0,	1,	1,	'2026-05-31 12:32:38',	'2026-05-31 12:32:38'),
(32,	'FN-00032',	'Chris Anderson',	'National Adjusters',	'CLM-00032',	'ASG-00032',	'State Farm',	'2025-11-06',	3725.72,	313.03,	5864.38,	1792.70,	'2026-03-21',	5440.87,	244.61,	55.79,	922.04,	468.18,	'Insurance Pros',	93,	'Fire',	'State Farm',	0,	1,	1,	'2026-05-31 12:32:38',	'2026-05-31 12:32:38'),
(33,	'FN-00033',	'Robert Taylor',	'SafeBuild',	'CLM-00033',	'ASG-00033',	'Progressive',	'2026-02-04',	2892.58,	265.54,	6038.95,	612.02,	'2026-03-26',	15017.76,	380.53,	0.17,	325.46,	311.07,	'AdjustCorp',	97,	'Wind',	'Liberty Mutual',	0,	1,	1,	'2026-05-31 12:32:38',	'2026-05-31 12:32:38'),
(34,	'FN-00034',	'Robert Taylor',	'National Adjusters',	'CLM-00034',	'ASG-00034',	'State Farm',	'2025-10-14',	4377.71,	545.86,	5424.14,	369.83,	'2026-05-26',	9816.75,	526.70,	50.37,	958.11,	139.78,	'ClaimMasters',	94,	'Flood',	'Allstate',	0,	1,	1,	'2026-05-31 12:32:38',	'2026-05-31 12:32:38'),
(35,	'FN-00035',	'David Wilson',	'QuickFix Services',	'CLM-00035',	'ASG-00035',	'State Farm',	'2025-09-27',	897.27,	236.20,	5365.41,	1.91,	'2026-05-07',	10998.47,	565.58,	65.61,	487.15,	233.69,	'Insurance Pros',	117,	'Fire',	'Allstate',	0,	1,	1,	'2026-05-31 12:32:38',	'2026-05-31 12:32:38'),
(36,	'FN-00036',	'Chris Anderson',	'QuickFix Services',	'CLM-00036',	'ASG-00036',	'Progressive',	'2025-07-10',	1893.38,	407.49,	6171.97,	1098.67,	'2026-02-25',	1038.72,	311.28,	10.50,	257.49,	486.18,	'AdjustCorp',	64,	'Flood',	'Allstate',	0,	1,	1,	'2026-05-31 12:32:38',	'2026-05-31 12:32:38'),
(37,	'FN-00037',	'David Wilson',	'RestorePro',	'CLM-00037',	'ASG-00037',	'Progressive',	'2025-11-20',	4505.59,	262.66,	6062.91,	680.78,	'2026-02-25',	10592.10,	400.49,	8.65,	629.52,	444.06,	'ClaimMasters',	12,	'Theft',	'Travelers',	0,	1,	1,	'2026-05-31 12:32:38',	'2026-05-31 12:32:38'),
(38,	'FN-00038',	'Robert Taylor',	'National Adjusters',	'CLM-00038',	'ASG-00038',	'Liberty Mutual',	'2025-11-15',	2375.96,	174.45,	1832.22,	1695.53,	'2025-12-24',	14012.40,	445.50,	85.25,	189.49,	194.98,	'ClaimMasters',	89,	'Wind',	'Allstate',	0,	1,	1,	'2026-05-31 12:32:38',	'2026-05-31 12:32:38'),
(39,	'FN-00039',	'Chris Anderson',	'SafeBuild',	'CLM-00039',	'ASG-00039',	'Travelers',	'2025-07-23',	2036.40,	534.69,	7475.49,	1434.41,	'2026-01-06',	14536.79,	139.91,	69.18,	219.36,	10.74,	'ClaimMasters',	22,	'Wind',	'Allstate',	0,	1,	1,	'2026-05-31 12:32:38',	'2026-05-31 12:32:38'),
(40,	'FN-00040',	'Robert Taylor',	'Disaster Recovery Inc',	'CLM-00040',	'ASG-00040',	'Liberty Mutual',	'2026-03-26',	1975.11,	512.60,	6186.60,	1858.21,	'2026-03-16',	5892.84,	281.42,	83.56,	89.71,	470.79,	'ClaimMasters',	45,	'Wind',	'Liberty Mutual',	0,	1,	1,	'2026-05-31 12:32:38',	'2026-05-31 12:32:38'),
(41,	'FN-00041',	'John Smith',	'National Adjusters',	'CLM-00041',	'ASG-00041',	'Liberty Mutual',	'2025-08-18',	1896.93,	73.12,	3751.06,	1652.68,	'2025-12-11',	5265.63,	381.92,	96.61,	138.79,	397.89,	'ClaimMasters',	52,	'Flood',	'Travelers',	0,	1,	1,	'2026-05-31 12:32:38',	'2026-05-31 12:32:38'),
(42,	'FN-00042',	'Michael Brown',	'Disaster Recovery Inc',	'CLM-00042',	'ASG-00042',	'State Farm',	'2026-05-29',	3313.59,	446.82,	2960.29,	38.59,	'2026-04-15',	4357.24,	275.03,	7.89,	344.17,	242.11,	'ClaimMasters',	59,	'Flood',	'Travelers',	0,	1,	1,	'2026-05-31 12:32:38',	'2026-05-31 12:32:38'),
(43,	'FN-00043',	'Chris Anderson',	'SafeBuild',	'CLM-00043',	'ASG-00043',	'State Farm',	'2026-01-03',	3343.80,	360.75,	3808.87,	283.62,	'2026-03-02',	2511.56,	594.07,	63.84,	227.45,	111.07,	'ClaimMasters',	58,	'Fire',	'State Farm',	0,	1,	1,	'2026-05-31 12:32:38',	'2026-05-31 12:32:38'),
(44,	'FN-00044',	'Chris Anderson',	'QuickFix Services',	'CLM-00044',	'ASG-00044',	'Progressive',	'2025-08-20',	4248.22,	255.93,	6672.65,	1632.61,	'2026-02-03',	13045.25,	131.96,	91.06,	361.12,	36.94,	'AdjustCorp',	26,	'Fire',	'Allstate',	0,	1,	1,	'2026-05-31 12:32:38',	'2026-05-31 12:32:38'),
(45,	'FN-00045',	'Chris Anderson',	'SafeBuild',	'CLM-00045',	'ASG-00045',	'Travelers',	'2025-06-09',	2536.12,	102.80,	3144.14,	429.49,	'2026-05-04',	2946.32,	192.19,	53.27,	110.11,	476.29,	'ClaimMasters',	37,	'Fire',	'State Farm',	0,	1,	1,	'2026-05-31 12:32:38',	'2026-05-31 12:32:38'),
(46,	'FN-00046',	'David Wilson',	'Disaster Recovery Inc',	'CLM-00046',	'ASG-00046',	'Allstate',	'2025-06-26',	4273.66,	539.87,	5441.54,	466.62,	'2026-04-14',	10228.33,	243.51,	58.94,	86.11,	331.12,	'AdjustCorp',	34,	'Fire',	'Allstate',	0,	1,	1,	'2026-05-31 12:32:38',	'2026-05-31 12:32:38'),
(47,	'FN-00047',	'Chris Anderson',	'Disaster Recovery Inc',	'CLM-00047',	'ASG-00047',	'Progressive',	'2026-01-29',	2518.50,	57.35,	7037.09,	536.16,	'2026-01-16',	15417.21,	373.25,	84.91,	605.88,	241.09,	'ClaimMasters',	63,	'Theft',	'Liberty Mutual',	0,	1,	1,	'2026-05-31 12:32:38',	'2026-05-31 12:32:38'),
(48,	'FN-00048',	'Michael Brown',	'Disaster Recovery Inc',	'CLM-00048',	'ASG-00048',	'Progressive',	'2026-01-13',	3495.29,	478.35,	4403.96,	1722.66,	'2025-12-30',	10825.66,	465.90,	69.39,	273.92,	144.00,	'ClaimMasters',	28,	'Flood',	'Liberty Mutual',	0,	1,	1,	'2026-05-31 12:32:38',	'2026-05-31 12:32:38'),
(49,	'FN-00049',	'Robert Taylor',	'SafeBuild',	'CLM-00049',	'ASG-00049',	'Liberty Mutual',	'2026-04-16',	1322.23,	272.12,	6095.30,	613.52,	'2026-03-29',	13453.30,	150.40,	1.33,	764.28,	390.71,	'ClaimMasters',	88,	'Theft',	'Travelers',	0,	1,	1,	'2026-05-31 12:32:38',	'2026-05-31 12:32:38'),
(50,	'FN-00050',	'David Wilson',	'QuickFix Services',	'CLM-00050',	'ASG-00050',	'Progressive',	'2026-01-12',	818.40,	136.98,	5751.32,	1743.84,	'2026-04-03',	1012.55,	117.11,	16.86,	740.39,	98.05,	'Insurance Pros',	26,	'Theft',	'State Farm',	0,	1,	1,	'2026-05-31 12:32:38',	'2026-05-31 12:32:38');

DROP TABLE IF EXISTS `grid_configurations`;
CREATE TABLE `grid_configurations` (
  `id` bigint NOT NULL AUTO_INCREMENT,
  `user_id` bigint NOT NULL,
  `grid_key` varchar(100) CHARACTER SET utf8mb4 COLLATE utf8mb4_unicode_ci NOT NULL,
  `column_name` varchar(255) CHARACTER SET utf8mb4 COLLATE utf8mb4_unicode_ci NOT NULL,
  `display_name` varchar(255) CHARACTER SET utf8mb4 COLLATE utf8mb4_unicode_ci DEFAULT NULL,
  `is_visible` tinyint(1) DEFAULT '1',
  `created_by` bigint DEFAULT NULL,
  `updated_by` bigint DEFAULT NULL,
  `created_at` timestamp NULL DEFAULT NULL,
  `updated_at` timestamp NULL DEFAULT NULL,
  PRIMARY KEY (`id`),
  UNIQUE KEY `uniq_user_grid_column` (`user_id`,`grid_key`,`column_name`),
  KEY `grid_configurations_ibfk_2` (`created_by`),
  KEY `grid_configurations_ibfk_3` (`updated_by`),
  CONSTRAINT `grid_configurations_ibfk_1` FOREIGN KEY (`user_id`) REFERENCES `users` (`id`) ON DELETE CASCADE,
  CONSTRAINT `grid_configurations_ibfk_2` FOREIGN KEY (`created_by`) REFERENCES `users` (`id`) ON DELETE SET NULL,
  CONSTRAINT `grid_configurations_ibfk_3` FOREIGN KEY (`updated_by`) REFERENCES `users` (`id`) ON DELETE SET NULL
) ENGINE=InnoDB DEFAULT CHARSET=utf8mb4 COLLATE=utf8mb4_unicode_ci;

INSERT INTO `grid_configurations` (`id`, `user_id`, `grid_key`, `column_name`, `display_name`, `is_visible`, `created_by`, `updated_by`, `created_at`, `updated_at`) VALUES
(1, 1,	'claims-main-grid',	'file_number',	'File Number',	1,	NULL,	NULL,	NULL,	NULL),
(2, 1,	'claims-main-grid',	'manager_name',	'Manager Name',	1,	NULL,	NULL,	NULL,	NULL),
(3, 1,	'claims-main-grid',	'service_provider_name',	'Service Provider Name',	1,	NULL,	NULL,	NULL,	NULL),
(4, 1,	'claims-main-grid',	'claim_number',	'Claim Number',	0,	NULL,	NULL,	NULL,	NULL),
(5, 1,	'claims-main-grid',	'assignment_id',	'Assignment ID',	1,	NULL,	NULL,	NULL,	NULL),
(6, 1,	'claims-main-grid',	'company_name',	'Company Name',	1,	NULL,	NULL,	NULL,	NULL),
(7, 1,	'claims-main-grid',	'invoice_date',	'Invoice Date',	1,	NULL,	NULL,	NULL,	NULL),
(8, 1,	'claims-main-grid',	'expenses',	'Expenses',	1,	NULL,	NULL,	NULL,	NULL),
(9, 1,	'claims-main-grid',	'sale_tax',	'Sale Tax',	1,	NULL,	NULL,	NULL,	NULL),
(10, 1,	'claims-main-grid',	'payment_amount',	'Payment Amount',	1,	NULL,	NULL,	NULL,	NULL),
(11, 1,	'claims-main-grid',	'balance_amount',	'Balance Amount',	1,	NULL,	NULL,	NULL,	NULL),
(12, 1,	'claims-main-grid',	'payment_date',	'Payment Date',	1,	NULL,	NULL,	NULL, NULL),
(13, 1,	'claims-main-grid',	'loss_amount',	'Loss Amount',	1, NULL, NULL, NULL, NULL);

DROP TABLE IF EXISTS `migration`;
CREATE TABLE `migration` (
  `version` varchar(180) CHARACTER SET utf8mb4 COLLATE utf8mb4_unicode_ci NOT NULL,
  `apply_time` int DEFAULT NULL,
  PRIMARY KEY (`version`)
) ENGINE=InnoDB DEFAULT CHARSET=utf8mb4 COLLATE=utf8mb4_unicode_ci;

INSERT INTO `migration` (`version`, `apply_time`) VALUES
('m000000_000000_base',	1780229415),
('m260531_000001_create_users_table',	1780229418),
('m260531_000002_create_claims_table',	1780229419),
('m260531_000003_create_claim_details_table',	1780229419),
('m260531_000004_create_grid_configurations_table',	1780229419);

DROP TABLE IF EXISTS `users`;
CREATE TABLE `users` (
  `id` bigint NOT NULL AUTO_INCREMENT,
  `username` varchar(150) CHARACTER SET utf8mb4 COLLATE utf8mb4_unicode_ci NOT NULL,
  `email` varchar(255) CHARACTER SET utf8mb4 COLLATE utf8mb4_unicode_ci NOT NULL,
  `password_hash` varchar(255) CHARACTER SET utf8mb4 COLLATE utf8mb4_unicode_ci NOT NULL,
  `auth_key` varchar(64) CHARACTER SET utf8mb4 COLLATE utf8mb4_unicode_ci DEFAULT NULL,
  `access_token` varchar(255) CHARACTER SET utf8mb4 COLLATE utf8mb4_unicode_ci DEFAULT NULL,
  `full_name` varchar(255) CHARACTER SET utf8mb4 COLLATE utf8mb4_unicode_ci DEFAULT NULL,
  `role` varchar(50) CHARACTER SET utf8mb4 COLLATE utf8mb4_unicode_ci DEFAULT 'user',
  `is_active` tinyint(1) DEFAULT '1',
  `is_deleted` tinyint(1) DEFAULT '0',
  `created_at` timestamp NULL DEFAULT NULL,
  `updated_at` timestamp NULL DEFAULT NULL,
  PRIMARY KEY (`id`),
  UNIQUE KEY `idx_users_username` (`username`),
  UNIQUE KEY `idx_users_email` (`email`)
) ENGINE=InnoDB DEFAULT CHARSET=utf8mb4 COLLATE=utf8mb4_unicode_ci;

INSERT INTO `users` (`id`, `username`, `email`, `password_hash`, `auth_key`, `access_token`, `full_name`, `role`, `is_active`, `is_deleted`, `created_at`, `updated_at`) VALUES
(1,	'admin',	'admin@example.com',	'$2y$13$dummyhash',	NULL,	NULL,	'System Admin',	'admin',	1,	0,	'2026-05-31 12:32:07',	NULL);

-- 2026-06-01 08:25:12 UTC
